month,goc_5y_pct,cmb_spread_bps,cmb_yield_est_pct,ins_lender_low_bps,ins_lender_base_bps,ins_lender_high_bps,ins_all_in_low_pct,ins_all_in_base_pct,ins_all_in_high_pct,conv_spread_low_bps,conv_spread_base_bps,conv_spread_high_bps,conv_all_in_low_pct,conv_all_in_base_pct,conv_all_in_high_pct,ins_all_in_base_lag30_pct,ins_all_in_base_lag60_pct,ins_all_in_base_lag90_pct,conv_all_in_base_lag30_pct,conv_all_in_base_lag60_pct,conv_all_in_base_lag90_pct,month_label,days_in_table
2021-07,0.8673,,,,,,,,,,,,,,,,,,,,,Jul 2021,30
2021-08,0.8361,,,,,,,,,,,,,,,,,,,,,Aug 2021,31
2021-09,0.8883,,,,,,,,,,,,,,,,,,,,,Sep 2021,30
2021-10,1.2597,,,,,,,,,125.0000,150.0000,175.0000,2.5097,2.7597,3.0097,,,,2.5700,,,Oct 2021,31
2021-11,1.4513,,,,,,,,,125.0000,150.0000,175.0000,2.7013,2.9513,3.2013,,,,2.7660,2.5700,,Nov 2021,30
2021-12,1.2935,30.2000,1.5537,42.0000,52.0000,65.0000,1.9737,2.0737,2.2037,125.0000,150.0000,175.0000,2.5435,2.7935,3.0435,,,,2.9481,2.7735,2.5700,Dec 2021,31
2022-01,1.5455,30.2000,1.8475,44.7097,52.0000,60.4839,2.2946,2.3675,2.4523,183.7097,222.2581,242.7419,3.3826,3.7681,3.9729,2.0736,,,2.7903,2.9432,2.7865,Jan 2022,31
2022-02,1.7218,30.2000,2.0238,45.0000,52.0000,60.0000,2.4738,2.5438,2.6238,190.0000,230.0000,250.0000,3.6218,4.0218,4.2218,2.3716,2.0738,,3.7925,2.7911,2.9489,Feb 2022,28
2022-03,1.9690,34.0387,2.3094,45.0000,52.0000,60.0000,2.7594,2.8294,2.9094,190.0000,230.0000,250.0000,3.8690,4.2690,4.4690,2.5304,2.3549,2.0737,4.0084,3.7297,2.7935,Mar 2022,31
2022-04,2.6187,37.2000,2.9907,42.5000,67.5000,70.0000,3.4157,3.6657,3.6907,190.0000,230.0000,250.0000,4.5187,4.9187,5.1187,2.8470,2.5330,2.3643,4.2853,4.0110,3.7623,Apr 2022,30
2022-05,2.7397,37.2000,3.1117,42.5000,67.5000,70.0000,3.5367,3.7867,3.8117,190.0000,230.0000,250.0000,4.6397,5.0397,5.2397,3.6699,2.8683,2.5297,4.9229,4.3006,4.0077,May 2022,31
2022-06,3.2113,32.5533,3.5369,42.5000,67.5000,70.0000,3.9619,4.2119,4.2369,190.0000,230.0000,250.0000,5.1113,5.5113,5.7113,3.7863,3.6753,2.8828,5.0393,4.9283,4.3137,Jun 2022,30
2022-07,3.0006,29.0000,3.2906,46.5645,58.0161,65.4839,3.7563,3.8708,3.9455,190.0000,230.0000,250.0000,4.9006,5.3006,5.5006,4.2071,3.7902,3.6812,5.5077,5.0432,4.9342,Jul 2022,31
2022-08,3.0339,29.0000,3.3239,47.0000,57.0000,65.0000,3.7939,3.8939,3.9739,190.0000,230.0000,250.0000,4.9339,5.3339,5.5339,3.8532,4.2122,3.7928,5.2865,5.5155,5.0458,Aug 2022,31
2022-09,3.3580,23.1333,3.5893,47.0000,57.0000,65.0000,4.0593,4.1593,4.2393,190.0000,230.0000,250.0000,5.2580,5.6580,5.8580,3.9063,3.8462,4.2214,5.3463,5.2827,5.5263,Sep 2022,30
2022-10,3.5332,18.0000,3.7132,45.1290,57.0000,65.0000,4.1645,4.2832,4.3632,190.0000,230.0000,250.0000,5.4332,5.8332,6.0332,4.1565,3.9168,3.8402,5.6568,5.3568,5.2768,Oct 2022,31
2022-11,3.3697,18.0000,3.5497,45.0000,57.0000,65.0000,3.9997,4.1197,4.1997,190.0000,230.0000,250.0000,5.2697,5.6697,5.8697,4.2903,4.1540,3.9253,5.8403,5.6563,5.3653,Nov 2022,30
2022-12,3.0981,23.2258,3.3303,45.0000,57.0000,65.0000,3.7803,3.9003,3.9803,190.0000,230.0000,250.0000,4.9981,5.3981,5.5981,4.1094,4.2868,4.1513,5.6594,5.8368,5.6552,Dec 2022,31
2023-01,3.0703,27.0000,3.3403,45.0000,55.1290,60.3226,3.7903,3.8916,3.9435,171.2903,192.5806,250.0000,4.7832,4.9961,5.5703,3.9148,4.0955,4.2919,5.4097,5.6455,5.8419,Jan 2023,31
2023-02,3.3386,27.0000,3.6086,45.0000,55.0000,60.0000,4.0586,4.1586,4.2086,170.0000,190.0000,250.0000,5.0386,5.2386,5.8386,3.8811,3.8968,4.1136,4.9746,5.3921,5.6636,Feb 2023,28
2023-03,3.1232,27.2194,3.3954,45.0000,55.0000,60.0000,3.8454,3.9454,3.9954,170.0000,190.0000,250.0000,4.8232,5.0232,5.6232,4.1474,3.9042,3.9003,5.2274,5.0210,5.3981,Mar 2023,31
2023-04,3.0447,27.4000,3.3187,43.1333,55.0000,60.0000,3.7500,3.8687,3.9187,170.0000,190.0000,250.0000,4.7447,4.9447,5.5447,3.9299,4.1570,3.8927,5.0077,5.2370,4.9980,Apr 2023,30
2023-05,3.2155,27.4000,3.4895,43.0000,55.0000,60.0000,3.9195,4.0395,4.0895,170.0000,190.0000,250.0000,4.9155,5.1155,5.7155,3.8705,3.9272,4.1674,4.9465,5.0048,5.2474,May 2023,31
2023-06,3.6660,25.3033,3.9190,43.0000,55.0000,60.0000,4.3490,4.4690,4.5190,170.0000,190.0000,250.0000,5.3660,5.5660,6.1660,4.0433,3.8713,3.9087,5.1193,4.9473,4.9863,Jun 2023,30
2023-07,3.8400,23.7000,4.0770,43.0000,55.0000,60.0000,4.5070,4.6270,4.6770,170.0000,190.0000,250.0000,5.5400,5.7400,6.3400,4.4690,4.0495,3.8682,5.5665,5.1255,4.9442,Jul 2023,31
2023-08,3.9984,23.7000,4.2354,43.0000,55.0000,60.0000,4.6654,4.7854,4.8354,170.0000,190.0000,250.0000,5.6984,5.8984,6.4984,4.6367,4.4765,4.0669,5.7497,5.5752,5.1429,Aug 2023,31
2023-09,4.0643,24.6600,4.3109,43.0000,55.0000,60.0000,4.7409,4.8609,4.9109,170.0000,190.0000,250.0000,5.7643,5.9643,6.5643,4.7860,4.6423,4.4819,5.8990,5.7553,5.5813,Sep 2023,30
2023-10,4.2268,25.5000,4.4818,43.0000,55.0000,60.0000,4.9118,5.0318,5.0818,170.0000,190.0000,250.0000,5.9268,6.1268,6.7268,4.8672,4.7805,4.6460,5.9703,5.8935,5.7590,Oct 2023,31
2023-11,3.8217,25.5000,4.0767,43.0000,55.0000,60.0000,4.5067,4.6267,4.6767,170.0000,190.0000,250.0000,5.5217,5.7217,6.3217,5.0310,4.8755,4.7813,6.1260,5.9783,5.8943,Nov 2023,30
2023-12,3.3368,25.2097,3.5889,43.0000,55.0000,60.0000,4.0189,4.1389,4.1889,170.0000,190.0000,250.0000,5.0368,5.2368,5.8368,4.6163,5.0231,4.8813,5.7113,6.1181,5.9839,Dec 2023,31
2024-01,3.4177,25.0000,3.6677,43.0000,55.0000,60.0000,4.0977,4.2177,4.2677,150.6452,170.6452,191.9355,4.9242,5.1242,5.3371,4.1281,4.6008,5.0131,5.2261,5.6958,6.1081,Jan 2024,31
2024-02,3.6010,25.0000,3.8510,43.0000,55.0000,60.0000,4.2810,4.4010,4.4510,150.0000,170.0000,190.0000,5.1010,5.3010,5.5010,4.2259,4.1274,4.6060,5.1259,5.2255,5.7010,Feb 2024,29
2024-03,3.5065,24.6935,3.7534,43.0000,55.0000,60.0000,4.1834,4.3034,4.3534,150.0000,170.0000,190.0000,5.0065,5.2065,5.4065,4.3923,4.2177,4.1281,5.2923,5.1242,5.2261,Mar 2024,31
2024-04,3.7357,24.5000,3.9807,45.0000,55.0000,70.0000,4.4307,4.5307,4.6807,150.0000,170.0000,190.0000,5.2357,5.4357,5.6357,4.3035,4.3977,4.2260,5.2067,5.2977,5.1260,Apr 2024,30
2024-05,3.7035,24.5000,3.9485,45.0000,55.0000,70.0000,4.3985,4.4985,4.6485,150.0000,170.0000,190.0000,5.2035,5.4035,5.6035,4.5331,4.3077,4.3945,5.4381,5.2110,5.2945,May 2024,31
2024-06,3.4383,22.9833,3.6682,45.0000,55.0000,70.0000,4.1182,4.2182,4.3682,150.0000,170.0000,190.0000,4.9383,5.1383,5.3383,4.4950,4.5363,4.3080,5.4000,5.4413,5.2113,Jun 2024,30
2024-07,3.3697,21.0000,3.5797,45.0000,55.0000,70.0000,4.0297,4.1297,4.2797,150.0000,170.0000,190.0000,4.8697,5.0697,5.2697,4.2198,4.4940,4.5369,5.1406,5.3990,5.4419,Jul 2024,31
2024-08,2.9681,21.0000,3.1781,45.0000,55.0000,70.0000,3.6281,3.7281,3.8781,150.0000,170.0000,190.0000,4.4681,4.6681,4.8681,4.1139,4.2165,4.4911,5.0539,5.1384,5.3961,Aug 2024,31
2024-09,2.7760,20.4000,2.9800,45.0000,55.0000,70.0000,3.4300,3.5300,3.6800,150.0000,170.0000,190.0000,4.2760,4.4760,4.6760,3.7263,4.1057,4.2082,4.6663,5.0457,5.1307,Sep 2024,30
2024-10,2.9745,19.5000,3.1695,45.0000,55.0000,70.0000,3.6195,3.7195,3.8695,150.0000,170.0000,190.0000,4.4745,4.6745,4.8745,3.5285,3.7284,4.0910,4.4748,4.6684,5.0310,Oct 2024,31
2024-11,3.1060,19.5000,3.3010,45.0000,55.0000,70.0000,3.7510,3.8510,4.0010,150.0000,170.0000,190.0000,4.6060,4.8060,5.0060,3.7273,3.5198,3.7310,4.6823,4.4663,4.6710,Nov 2024,30
2024-12,2.9681,18.8548,3.1566,45.0000,55.0000,70.0000,3.6066,3.7066,3.8566,150.0000,170.0000,190.0000,4.4681,4.6681,4.8681,3.8453,3.7298,3.5206,4.8003,4.6848,4.4674,Dec 2024,31
2025-01,3.0074,18.5000,3.1924,45.0000,55.0000,70.0000,3.6424,3.7424,3.8924,135.4839,155.4839,180.3226,4.3623,4.5623,4.8106,3.7073,3.8415,3.7382,4.6690,4.7965,4.6932,Jan 2025,31
2025-02,2.7543,18.5000,2.9393,45.0000,55.0000,70.0000,3.3893,3.4893,3.6393,135.0000,155.0000,180.0000,4.1043,4.3043,4.5543,3.7614,3.7089,3.8543,4.5764,4.6707,4.8093,Feb 2025,28
2025-03,2.6652,18.2097,2.8473,45.0000,55.0000,70.0000,3.2973,3.3973,3.5473,135.0000,155.0000,180.0000,4.0152,4.2152,4.4652,3.4850,3.7495,3.7066,4.3000,4.5742,4.6681,Mar 2025,31
2025-04,2.7183,18.0000,2.8983,45.0000,55.0000,70.0000,3.3483,3.4483,3.5983,135.0000,155.0000,180.0000,4.0683,4.2683,4.5183,3.3993,3.4837,3.7513,4.2173,4.2987,4.5713,Apr 2025,30
2025-05,2.8142,18.0000,2.9942,45.0000,55.0000,70.0000,3.4442,3.5442,3.6942,135.0000,155.0000,180.0000,4.1642,4.3642,4.6142,3.4477,3.3961,3.4789,4.2677,4.2142,4.2939,May 2025,31
2025-06,2.9013,16.8000,3.0693,45.0000,55.0000,70.0000,3.5193,3.6193,3.7693,135.0000,155.0000,180.0000,4.2513,4.4513,4.7013,3.5480,3.4527,3.3982,4.3680,4.2727,4.2163,Jun 2025,30
2025-07,3.0197,16.0000,3.1797,45.0000,55.0000,70.0000,3.6297,3.7297,3.8797,135.0000,155.0000,180.0000,4.3697,4.5697,4.8197,3.6168,3.5474,3.4542,4.4490,4.3674,4.2742,Jul 2025,31
2025-08,2.9432,16.0000,3.1032,45.0000,55.0000,70.0000,3.5532,3.6532,3.8032,135.0000,155.0000,180.0000,4.2932,4.4932,4.7432,3.7332,3.6197,3.5490,4.5732,4.4526,4.3690,Aug 2025,31
2025-09,2.7753,15.6000,2.9313,45.0000,55.0000,70.0000,3.3813,3.4813,3.6313,135.0000,155.0000,180.0000,4.1253,4.3253,4.5753,3.6533,3.7370,3.6220,4.4933,4.5770,4.4553,Sep 2025,30
2025-10,2.6929,15.0000,2.8429,45.0000,55.0000,70.0000,3.2929,3.3929,3.5429,135.0000,155.0000,180.0000,4.0429,4.2429,4.4929,3.4797,3.6513,3.7342,4.3239,4.4913,4.5742,Oct 2025,31
2025-11,2.7507,15.0000,2.9007,45.0000,55.0000,70.0000,3.3507,3.4507,3.6007,135.0000,155.0000,180.0000,4.1007,4.3007,4.5507,3.3917,3.4760,3.6513,4.2417,4.3203,4.4913,Nov 2025,30
2025-12,2.9548,13.0645,3.0855,45.0000,55.0000,70.0000,3.5355,3.6355,3.7855,135.0000,155.0000,180.0000,4.3048,4.5048,4.7548,3.4526,3.3919,3.4742,4.3026,4.2419,4.3187,Dec 2025,31
2026-01,2.9377,12.0000,3.0577,45.0000,55.0000,70.0000,3.5077,3.6077,3.7577,125.3226,150.1613,175.1613,4.1910,4.4394,4.6894,3.6394,3.4561,3.3913,4.5097,4.3061,4.2413,Jan 2026,31
2026-02,2.8129,12.0000,2.9329,45.0000,55.0000,70.0000,3.3829,3.4829,3.6329,125.0000,150.0000,175.0000,4.0629,4.3129,4.5629,3.6075,3.6446,3.4543,4.4375,4.5150,4.3043,Feb 2026,28
2026-03,3.0403,16.9032,3.2094,45.0000,55.0000,70.0000,3.6594,3.7594,3.9094,125.0000,150.0000,175.0000,4.2903,4.5403,4.7903,3.4858,3.6087,3.6355,4.3158,4.4419,4.5048,Mar 2026,31
2026-04,3.0923,20.0000,3.2923,45.0000,55.0000,70.0000,3.7423,3.8423,3.9923,125.0000,150.0000,175.0000,4.3423,4.5923,4.8423,3.7733,3.4820,3.6080,4.5527,4.3120,4.4397,Apr 2026,30
2026-05,3.1958,20.0000,3.3958,45.0000,55.0000,70.0000,3.8458,3.9458,4.0958,125.0000,150.0000,175.0000,4.4458,4.6958,4.9458,3.8452,3.7761,3.4803,4.5952,4.5545,4.3103,May 2026,31
2026-06,3.0633,15.2500,3.2158,45.0000,55.0000,70.0000,3.6658,3.7658,3.9158,125.0000,150.0000,175.0000,4.3133,4.5633,4.8133,3.9463,3.8447,3.7877,4.6963,4.5947,4.5643,Jun 2026,30
2026-07,3.1542,12.5000,3.2792,45.0000,55.0000,70.0000,3.7292,3.8292,3.9792,125.0000,150.0000,175.0000,4.4042,4.6542,4.9042,3.7632,3.9426,3.8474,4.5616,4.6926,4.5974,Jul 2026,31
2026-08,3.2877,12.5000,3.4127,45.0000,55.0000,70.0000,3.8627,3.9627,4.1127,125.0000,150.0000,175.0000,4.5377,4.7877,5.0377,3.8376,3.7602,3.9390,4.6626,4.5610,4.6890,Aug 2026,31
2026-09,3.5677,12.7333,3.6950,45.0000,55.0000,70.0000,4.1450,4.2450,4.3950,125.0000,150.0000,175.0000,4.8177,5.0677,5.3177,3.9633,3.8410,3.7582,4.7883,4.6660,4.5607,Sep 2026,30
2026-10,3.6050,13.0000,3.7350,45.0000,55.0000,70.0000,4.1850,4.2850,4.4350,125.0000,150.0000,175.0000,4.8550,5.1050,5.3550,4.0775,3.9100,3.7688,4.9025,4.7350,4.5938,Oct 2026,8
